run_id,dimension,sentence,reviewer_1_label,reviewer_2_label,notes
R_BENCH_canon-b3-o3_1_179e,Demand and Target Market,"Daily travel distances vary by user segment, with delivery workers traveling 80 to 120 km per day compared to commuters traveling 20 to 30 km per day. [C34] [C35]",,,
R_BENCH_canon-b3-o3_1_179e,Competitive Landscape,"Bengaluru features active competition from operators such as Yulu, Zypp Electric, and Bounce Daily, with Bounce Daily operating exclusively in Bengaluru. [C12] [C14]",,,
R_BENCH_canon-b3-o3_1_179e,Unit Economics and Business Viability,Chartered Bikes reports operating costs of INR 1.5 to 2 per km. [C33],,,
R_BENCH_canon-b3-o3_1_179e,Regulatory and Policy Framework,"In certain jurisdictions, rental e-scooter speed is capped at 15.5 mph, and helmets are recommended but not legally required. [C43] [C44]",,,
R_BENCH_canon-b3-o3_1_179e,Infrastructure and Operations,Karnataka offers a 25% capital subsidy capped at 10 lakh rupees for public charging stations and a 25% subsidy capped at 3 lakh rupees for two-wheeler battery swapping networks. [C38] [C39],,,
R_BENCH_canon-b3-o3_1_179e,Demand and Target Market,"Daily and monthly rental plans for delivery partners start at approximately ₹1,200 to ₹2,500 with Yulu. [C1]",,,
R_BENCH_canon-b3-o3_1_179e,Competitive Landscape,"Fleet operators offer various daily and monthly rates in Bangalore, including HYPR at 250 rupees per day, Yulu DeX at ₹299 per day, and e-BikeGo offering monthly subscriptions starting from Rs 3,600. [C11] [C15] [C28]",,,
R_BENCH_canon-b3-o3_1_179e,Unit Economics and Business Viability,HYPR provides maintenance for its electric vehicle fleet at no cost to the rider. [C16],,,
R_BENCH_canon-b3-o3_1_179e,Regulatory and Policy Framework,Karnataka supports commercial electric vehicles with a 100% road tax exemption and zero-fee permits. [C36] [C40],,,
R_BENCH_canon-b3-o3_1_179e,Infrastructure and Operations,"Operators in Bengaluru utilize battery swap networks, including HYPR's two-minute swap system and Yulu's Max stations, which launched with 10 locations and plan to scale to 100 stations within three months. [C17] [C51] [C52] [C53]",,,
R_BENCH_canon-b3-o3_1_179e,Demand and Target Market,"India's e-bike rental market is estimated at USD 8.13 million in 2026 and is projected to reach USD 14.3 million by 2031 at a CAGR of 11.96%, while broader estimates project the bike and scooter rental market to exceed USD 1.1 billion by 2030 at a 19.8% CAGR. [C3] [C5] [C6] [C7]",,,
R_BENCH_canon-b3-o3_1_179e,Competitive Landscape,"Competitors maintain sizable fleets and expansion targets, with Zypp Electric operating over 22,000 electric vehicles, Bounce having operated 25,000 scooters pre-pandemic, and Yulu targeting a fleet of 100,000 vehicles by November 2025. [C20] [C21] [C22]",,,
R_BENCH_canon-b3-o3_1_179e,Unit Economics and Business Viability,"Daily rental rates range from INR 200 to 400 for low-speed electric vehicles and INR 350 to 600 for high-speed models, while monthly packages range from INR 4,000 to 8,000. [C30] [C31] [C32]",,,
R_BENCH_canon-b3-o3_1_179e,Regulatory and Policy Framework,"Commercial permits and registration for hired vehicles depend on motor power, top speed, and state-specific regional transport office rules. [C41] [C42]",,,
R_BENCH_canon-b3-o3_1_179e,Demand and Target Market,"Individual rider trips in the Indian electric bike rental market skew toward 3 to 5 km hops between metro stations, aligning with broader urban patterns where two-thirds of city trips are under 5 km. [C8] [C26]",,,
